<?xml version="1.0" encoding="UTF-8"?>
<jcr:root xmlns:cq="http://www.day.com/jcr/cq/1.0" xmlns:jcr="http://www.jcp.org/jcr/1.0" xmlns:rep="internal"
    jcr:mixinTypes="[rep:AccessControllable]"
    jcr:primaryType="cq:Page">
    <access/>
    <jcr:content/>
    <login/>
    <terms-and-conditions-acceptance/>
    <agent-login/>
    <landing/>
    <about-us/>
    <my-account/>
    <Makeapayment/>
    <in-my-area/>
    <my-supply/>
    <our-visitor-sites/>
    <wonderful-on-tap/>
    <building-and-developing/>
    <building-and-developing-2/>
    <businesses/>
    <help-and-contact/>
    <regulatory-library/>
    <search/>
    <severntrentplc/>
    <get-in-touch/>
    <email/>
    <success/>
    <sitemap/>
    <severn-trent-services/>
    <errorpages/>
    <news/>
    <homecheck/>
    <paypoint/>
    <waterbutts/>
    <gunkpot/>
    <wss_header/>
    <wss_footer/>
    <hydrant-misuse/>
    <showerhead/>
    <hippo/>
    <showertimer/>
    <showersave/>
    <watersaving/>
    <dd/>
    <my-direct-debit/>
    <direct-debit/>
    <my-dd/>
    <lead/>
    <test/>
    <tapchat/>
    <postcodechecker/>
    <account/>
    <myaccount/>
    <newcustomer/>
    <newcust/>
    <yourbill/>
    <library/>
    <businesses0/>
    <documents/>
    <wonderfulwater/>
    <howweareregulated/>
    <plannedimprovements/>
    <monitoringwaterquality/>
    <wonderful-water/>
    <sewer-map/>
    <cleandrains/>
    <helpingyoupay/>
    <waterdirect/>
    <reportaproblem/>
    <reportaleak/>
    <aboutus/>
    <about/>
    <loveyourwater/>
    <inmyarea/>
    <moving-home/>
    <ourserviceexplained/>
    <developers/>
    <fiveyearplan/>
    <savewater/>
    <watersavingproducts/>
    <charges/>
    <ourcharges/>
    <yourrights/>
    <checkmyarea/>
    <waterquality/>
    <mediacontact/>
    <sewerflooding/>
    <selfserveterms/>
    <paperlessterms/>
    <watersavingtips/>
    <here2help/>
    <visitorsites/>
    <whereyourwatercomesfrom/>
    <waterqualityinformation/>
    <careers/>
    <privacy/>
    <farmtotap/>
    <incidents/>
    <helpwithbills/>
    <legal/>
    <lovesummerdaysout/>
    <burst-water-pipe-in-melton-mowbray--le14/>
    <update-for-customers-in-melton-mowbray--le14/>
    <brp/>
    <about-us0/>
    <calculator/>
    <save/>
    <register/>
    <priority/>
    <watermeter/>
    <business/>
    <_x0032_020-2025plan/>
    <refill/>
    <billing-cycle-changes/>
    <students/>
    <pay/>
    <steps/>
    <roadworks-at-the-junction-of-birmingham-road-and-dagnell-end-roa/>
    <winter/>
    <catchment/>
    <my-severn-trent/>
    <winterdaysout/>
    <private-burst/>
    <get-in-touch0/>
    <fastpay/>
    <wildplay/>
    <password/>
    <wateraidevents/>
    <education/>
    <discolouration/>
    <personalisedservice/>
    <yourwater/>
    <socialsurvey/>
    <prioritycatchment/>
    <biodiversity/>
    <read/>
    <carsington/>
    <draycote/>
    <shustoke/>
    <stauntonharold/>
    <thornton/>
    <tittesworth/>
    <upperderwent/>
    <foremark/>
    <linacre/>
    <newconnections/>
    <findmypayment/>
    <about-the-project/>
    <metering/>
    <fasttrack/>
    <supply-interruptions-in-gloucester-/>
    <sewermen/>
    <proactive/>
    <findaplumber/>
    <support/>
    <commercial-kitchen/>
    <checkmeter/>
    <water-induction/>
    <inductions/>
    <boil/>
    <donotdrink/>
    <donotuse/>
    <donotuseorflush/>
    <waste-induction/>
    <communityfund/>
    <kitchentoptips/>
    <fightthefatberg/>
    <bangladeshproject/>
    <metering-partners/>
    <juno/>
    <blockages/>
    <water-leak-repair-in-wolverhampton/>
    <christmascrafts/>
    <care/>
    <wateraid/>
    <supply-interruptions-in-wolston--coventry/>
    <essential-repair-in-matlock/>
    <apply-for-a-meter/>
    <understanding-your-bill/>
    <financial-support/>
    <help-when-you-need-it/>
    <unmeteredfixedcharge/>
    <highway-drainage/>
    <junosurvey/>
    <discolouredwater/>
    <wonderful/>
    <wonderfulontap/>
    <carsingtonparking/>
    <easier/>
    <water-pipe-repair-in-stivichall--coventry/>
    <easy/>
    <helping/>
    <blockage-terms/>
    <kidszone/>
    <arthurs-adventures/>
    <h2o/>
    <bogtrollcomp/>
    <new-meters/>
    <stopblockages/>
    <keeping-water-flowing/>
    <chat/>
    <yikes/>
    <wipes/>
    <kids/>
    <edu/>
    <extra/>
    <natureactivities/>
    <compensation/>
    <watersavingherocomp/>
    <fire-service-operations/>
    <burst-water-pipe-in-stratford-upon-avon/>
    <supply-interruption-in-broadstone--birmingham-/>
    <saveamazingwater/>
    <recovery-fund/>
    <contact-us/>
    <whatsapp/>
    <payment-options/>
    <wetwipes1/>
    <wetwipes2/>
    <wetwipes3/>
    <wetwipes4/>
    <water-supply-interruptions-in-stonehouse/>
    <water-supply-interruptions-in-hampton-in-arden/>
    <_x0032_1days/>
    <assetprotection/>
    <trimpley/>
    <treepledge/>
    <halloween/>
    <defaults/>
    <rateable-value/>
    <single-occupancy/>
    <accessible-bill-formats/>
    <visitor-site-memberships/>
    <pesticide-amnesty/>
    <apply-for-watersure/>
    <fat-catcher-competition/>
    <supply-interruptions-in-rowney-green-/>
    <contact/>
    <communityfundstories/>
    <repairs-taking-place-in-st17-area-of-staffordshire/>
    <repairs-taking-place-in-st17-area-of-staffordshire0/>
    <savingwater/>
    <billinsert21/>
    <big-difference/>
    <trust-fund/>
    <cop/>
    <fp/>
    <howsourwork/>
    <hb/>
    <winter-business/>
    <report/>
    <reportleak/>
    <essential-repair-work-affecting-orchard-and-priory-road--malvern/>
    <leakvisit/>
    <leak/>
    <burst-water-pipe-in-wolstanton--newcastle-under-lyme/>
    <applechat/>
    <springphotocompetition/>
    <visitor-saving/>
    <langley-mill/>
    <duck/>
    <register-for-text-alerts/>
    <register-now/>
    <hero/>
    <enter/>
    <signup/>
    <billsaving/>
    <paperbill/>
    <gwf/>
    <legacy-forests/>
    <burst-water-pipe-in-alcester/>
    <redirecttest/>
    <daysout/>
    <events/>
    <bill-increases/>
    <payment-plan/>
    <water-pipe-responsibility/>
    <caringforyou/>
    <technical-fault-affecting-supplies-telford/>
    <supply-interruptions-in-rugby-and-coventry-/>
    <booster-failure-in-leicester/>
    <investigating-supply-interruptions-in-evesham/>
    <supply-issues-in-sutton-yardley--birmingham/>
    <coventrylead/>
    <psr-review/>
    <review-psr/>
    <water-leak-repair-in-fillongley/>
    <switching/>
    <find-and-read-your-meter/>
    <how-to-check-for-a-leak/>
    <watersure-renewal/>
    <your-service/>
    <helping-you/>
    <winter-ready/>
    <careforwater/>
    <join-us/>
    <helping-out/>
    <act-now/>
    <sign-up/>
    <opt-in/>
    <money-matters/>
    <save-today/>
    <financial-help/>
    <supply-interruptions/>
    <community-fund-care-for-nature/>
    <home/>
    <coventry-lead/>
    <songcompetition/>
    <leakage-allowance/>
    <helpingout/>
    <caringforourcommunities/>
    <smart-meters/>
    <smartsaving/>
    <freedevices/>
    <mansfield/>
    <forestfeedback/>
    <get-river-positive/>
    <smart-meter-feedback-2022/>
    <buy-a-water-butt/>
    <check-for-a-leaky-loo/>
    <smartmeters/>
    <bathingrivers/>
    <securingourwater/>
    <greenrecovery/>
    <meter-terms-and-conditions/>
    <publicvote/>
    <save-water-get-water-fit/>
    <upperderwentvalley/>
    <my-reading/>
    <communityfundannualreview/>
    <psr/>
    <wecanhelp/>
    <regenerative-pathway-package/>
    <agricultural-advisors/>
    <supply-interruptions-in-peak-district--derbyshire-/>
    <mycareer/>
    <mynewcareer/>
    <supply-interruptions-in-birmingham-/>
    <supply-interruptions-in-atherstone--leicestershire/>
    <helptopay/>
    <priorityservices/>
    <lead-june/>
    <lead-letter/>
    <lead-neighbour/>
    <lead-leaflet/>
    <lead-follow-up/>
    <lead-welcome/>
    <lead-reminder/>
    <lead-complete/>
    <lead-know-more/>
    <lead-events/>
    <lead-letter-june/>
    <saveit/>
    <lookafterit/>
    <careforit/>
    <forests/>
    <ourwater/>
    <saving-water-made-simple/>
    <get-water-fit/>
    <carsingtonfunday/>
    <draycotefunday/>
    <tittesworthfunday/>
    <watersure-application/>
    <hot/>
    <keeping-you-updated/>
    <sign-me-up/>
    <water-meter/>
    <fast-pay/>
    <test0/>
    <surface-water-drainage/>
    <heretohelp/>
    <help-with-bill/>
    <grant-scheme/>
    <matching-plus/>
    <bigdifferencescheme/>
    <vyn/>
    <smart-appointment/>
    <smart-appointment-email/>
    <smart-reminder/>
    <smart-reminder-email/>
    <smart-flyer/>
    <smart-complete/>
    <smart-know-more/>
    <smart-billing/>
    <smart-benefits/>
    <smart-lead/>
    <smart-lead-email/>
    <smart-account-email/>
    <smart-account/>
    <smart-help-with-bills/>
    <smart-help-bills-email/>
    <smart-welcome/>
    <smart-alert/>
    <smart-leak/>
    <smart-help/>
    <smart-saving/>
    <smart-report-email/>
    <smart-report/>
    <pipes-apply-email/>
    <pipes-apply/>
    <community-pipes/>
    <dst-pipes/>
    <supply-pipes/>
    <neighbour-pipes/>
    <neighbour-flyer/>
    <follow-email/>
    <follow-pipes/>
    <welcome-email/>
    <welcome-pipes/>
    <welcome-pipes-pack/>
    <neighbour-reminder/>
    <pipes-reminder/>
    <pipes-complete/>
    <pipes-rebook/>
    <know-more-pipes/>
    <pipes-grant/>
    <pipes-know-more/>
    <grant-reminder/>
    <pipes-account/>
    <my-smart-tracker/>
    <supporting-businesses/>
    <water-fit/>
    <ng-business/>
    <business-help/>
    <supporting-social/>
    <supporting-email/>
    <ng-sept/>
    <helpingyou/>
    <water-fit-today/>
    <leadneighbour/>
    <order-devices/>
    <order-yours/>
    <save-water/>
    <order-yours-today/>
    <saving-water/>
    <order-today/>
    <save-on-meter/>
    <smart-welcome-survey/>
    <tittesworth-drought-permit/>
    <smart-welcome-tips/>
    <smart-report-email-survey/>
    <smart-report-email-tips/>
    <leaflet-apply/>
    <clo-pipes/>
    <cra-pipes/>
    <filming/>
    <yournewmeter/>
    <go-paperless-and-win/>
    <careers0/>
    <rep:policy/>
</jcr:root>
