<?xml version="1.0" encoding="UTF-8"?>
<project xsi:schemaLocation="http://maven.apache.org/POM/4.0.0 https://maven.apache.org/xsd/maven-4.0.0.xsd" xmlns="http://maven.apache.org/POM/4.0.0"
    xmlns:xsi="http://www.w3.org/2001/XMLSchema-instance">
  <modelVersion>4.0.0</modelVersion>
  <parent>
    <groupId>uk.co.stwater.api</groupId>
    <artifactId>wss-osgi-parent</artifactId>
    <version>2.1.274-SNAPSHOT</version>
  </parent>
  <groupId>uk.co.stwater.api</groupId>
  <artifactId>wss-osgi-chor-services</artifactId>
  <version>2.1.274-SNAPSHOT</version>
  <packaging>bundle</packaging>
  <name>wss-osgi-chor-services</name>
  <properties>
    <scanPath>uk.co.stwater.api.osgi.chor</scanPath>
  </properties>
  <dependencies>
    <dependency>
      <groupId>${project.groupId}</groupId>
      <artifactId>wss-osgi-model</artifactId>
      <version>${project.version}</version>
    </dependency>
    <dependency>
      <groupId>${project.groupId}</groupId>
      <artifactId>wss-osgi-util</artifactId>
      <version>${project.version}</version>
    </dependency>
    <dependency>
      <groupId>uk.co.stwater.api</groupId>
      <artifactId>wss-osgi-client-target-soap</artifactId>
      <version>${project.version}</version>
    </dependency>
    <dependency>
      <groupId>uk.co.stwater.api</groupId>
      <artifactId>wss-osgi-client-target-rest</artifactId>
      <version>${project.version}</version>
    </dependency>
    <dependency>
      <groupId>uk.co.stwater.api</groupId>
      <artifactId>wss-osgi-special-conditions</artifactId>
      <version>${project.version}</version>
    </dependency>
    <dependency>
      <groupId>uk.co.stwater.api</groupId>
      <artifactId>wss-osgi-account-services</artifactId>
      <version>${project.version}</version>
    </dependency>
    <dependency>
      <groupId>uk.co.stwater.api</groupId>
      <artifactId>wss-osgi-email-services</artifactId>
      <version>${project.version}</version>
    </dependency>
    <dependency>
      <groupId>uk.co.stwater.api</groupId>
      <artifactId>wss-osgi-location-services</artifactId>
      <version>${project.version}</version>
    </dependency>
    <dependency>
      <groupId>uk.co.stwater.api</groupId>
      <artifactId>wss-osgi-bills-services</artifactId>
      <version>${project.version}</version>
    </dependency>
    <dependency>
      <groupId>uk.co.stwater.api</groupId>
      <artifactId>wss-osgi-payment-services</artifactId>
      <version>${project.version}</version>
    </dependency>
    <dependency>
      <groupId>uk.co.stwater.api</groupId>
      <artifactId>wss-osgi-metering-services</artifactId>
      <version>${project.version}</version>
    </dependency>
    <dependency>
      <groupId>uk.co.stwater.api</groupId>
      <artifactId>wss-osgi-reference-services</artifactId>
      <version>${project.version}</version>
    </dependency>
    <dependency>
      <groupId>com.google.code.gson</groupId>
      <artifactId>gson</artifactId>
      <version>${gson.version}</version>
      <scope>test</scope>
    </dependency>
    <dependency>
      <groupId>junit-addons</groupId>
      <artifactId>junit-addons</artifactId>
      <version>${junit-addons.version}</version>
      <scope>test</scope>
    </dependency>
  </dependencies>
  <build>
    <plugins>
      <plugin>
        <groupId>org.apache.felix</groupId>
        <artifactId>maven-bundle-plugin</artifactId>
        <version>3.0.0</version>
        <extensions>true</extensions>
        <configuration>
          <instructions>
            <Bundle-Activator>uk.co.stwater.api.osgi.chor.Activator</Bundle-Activator>
          </instructions>
        </configuration>
      </plugin>
      <plugin>
        <groupId>org.apache.aries.blueprint</groupId>
        <artifactId>blueprint-maven-plugin</artifactId>
        <version>${blueprint-maven-plugin.version}</version>
        <executions>
          <execution>
            <goals>
              <goal>blueprint-generate</goal>
            </goals>
          </execution>
        </executions>
        <configuration>
          <scanPaths>
            <scanPath>uk.co.stwater.api.osgi.chor</scanPath>
            <scanPath>uk.co.stwater.api.osgi.rechor</scanPath>
            <scanPath>uk.co.stwater.api.osgi.probate</scanPath>
          </scanPaths>
          <excludeArtifacts>
            <excludeArtifact>org.ow2.asm:.*</excludeArtifact>
          </excludeArtifacts>
        </configuration>
      </plugin>
    </plugins>
  </build>
</project>
