<?xml version="1.0" encoding="UTF-8"?>
<jcr:root xmlns:sling="http://sling.apache.org/jcr/sling/1.0" xmlns:cq="http://www.day.com/jcr/cq/1.0" xmlns:jcr="http://www.jcp.org/jcr/1.0" xmlns:mix="http://www.jcp.org/jcr/mix/1.0"
    jcr:primaryType="cq:Page">
    <jcr:content
        cq:contextHubPath="/etc/cloudsettings/default/contexthub"
        cq:contextHubSegmentsPath="/etc/segmentation/contexthub"
        cq:cugEnabled_x0040_Delete="true"
        cq:lastModified="{Date}2023-07-06T14:45:49.020Z"
        cq:lastModifiedBy="NLANNO1"
        cq:lastReplicated="{Date}2023-07-04T13:46:44.321Z"
        cq:lastReplicatedBy="dbambr1"
        cq:lastReplicationAction="Activate"
        cq:template="/apps/stw/templates/redirect"
        jcr:isCheckedOut="{Boolean}true"
        jcr:mixinTypes="[mix:versionable]"
        jcr:primaryType="cq:PageContent"
        jcr:title="Metering"
        jcr:uuid="58b9c193-c7b4-4347-84ec-22499ab51aa4"
        sling:resourceType="stw/components/structure/page/redirect"
        excludeFromSearchResults="true"
        excludeFromTypeAhead="true"
        hideInNav="true"
        hidePageTitle="true"
        pageAssuranceLastModified="{Date}2023-02-03T00:00:00.000Z"
        pageAssurancePublishedState="Unpublished"
        pageAssuranceRiskImpact="1"
        pageAssuranceRiskLikelyhood="1"
        pageAssuranceRiskScore="L"
        pageDate="{Date}2023-02-03T00:00:00.000Z"
        pageSpecificIncidentBannerEnabled="inherit"/>
    <meter-reading-success-dm-19-3/>
    <meter-reading-success-dm-19-4/>
    <meter-reading-success-dm-19-6/>
    <meter-reading-success-dm-19-7/>
    <meter-reading-success-dm-19-8/>
    <meter-reading-success-dm-19-12/>
    <meter-reading-success-dm-19-13/>
    <meter-reading-success-dm-19-15/>
    <meter-reading-success-dm-19-16/>
    <meter-reading-success-dm-19-17/>
    <meter-reading-success-dm-19-18/>
    <meter-reading-success-dm-19-19/>
    <meter-reading-success-dm-19-20/>
    <meter-reading-success-dm-19-28/>
    <meter-application-success-dm201/>
    <meter-soac-success-dm202/>
    <meter-assessed-success-dm203/>
    <metering-success-dm-204/>
    <metering-success-dm-205/>
    <metering-success-dm-210/>
    <metering-success-dm-211/>
    <meter-insitu-success-dm212/>
    <meter-application-adaptions-success-dm216/>
</jcr:root>
