<?xml version="1.0" encoding="UTF-8"?>
<project xsi:schemaLocation="http://maven.apache.org/POM/4.0.0 https://maven.apache.org/xsd/maven-4.0.0.xsd" xmlns="http://maven.apache.org/POM/4.0.0"
    xmlns:xsi="http://www.w3.org/2001/XMLSchema-instance">
  <modelVersion>4.0.0</modelVersion>
  <parent>
    <groupId>uk.co.stwater.api</groupId>
    <artifactId>wss-osgi-parent</artifactId>
    <version>2.1.274-SNAPSHOT</version>
  </parent>
  <groupId>uk.co.stwater.api</groupId>
  <artifactId>wss-osgi-audit-services</artifactId>
  <version>2.1.274-SNAPSHOT</version>
  <packaging>bundle</packaging>
  <properties>
    <jettison.version>1.3.8</jettison.version>
    <scanPath>uk.co.stwater.api.audit</scanPath>
    <spring.version>4.3.6.RELEASE</spring.version>
  </properties>
  <dependencies>
    <dependency>
      <groupId>${project.groupId}</groupId>
      <artifactId>wss-osgi-model</artifactId>
      <version>${project.version}</version>
    </dependency>
    <dependency>
      <groupId>${project.groupId}</groupId>
      <artifactId>wss-osgi-userdb-provider</artifactId>
      <version>${project.version}</version>
      <scope>provided</scope>
    </dependency>
    <dependency>
      <groupId>uk.co.stwater.api</groupId>
      <artifactId>wss-osgi-registration-services</artifactId>
      <version>${project.version}</version>
    </dependency>
    <dependency>
      <groupId>org.apache.commons</groupId>
      <artifactId>commons-lang3</artifactId>
      <version>3.0</version>
    </dependency>
  </dependencies>
</project>
