<?xml version="1.0" encoding="UTF-8"?>
<jcr:root xmlns:sling="http://sling.apache.org/jcr/sling/1.0" xmlns:cq="http://www.day.com/jcr/cq/1.0" xmlns:jcr="http://www.jcp.org/jcr/1.0" xmlns:mix="http://www.jcp.org/jcr/mix/1.0"
    jcr:primaryType="cq:Page">
    <jcr:content
        cq:cugEnabled_x0040_Delete="true"
        cq:lastModified="{Date}2023-07-05T12:07:19.450Z"
        cq:lastModifiedBy="NLANNO1"
        cq:lastReplicated="{Date}2023-07-06T12:54:13.926Z"
        cq:lastReplicatedBy="dbambr1"
        cq:lastReplicationAction="Activate"
        cq:template="/apps/stw/templates/redirect"
        jcr:isCheckedOut="{Boolean}true"
        jcr:mixinTypes="[mix:versionable]"
        jcr:primaryType="cq:PageContent"
        jcr:title="Metering"
        jcr:uuid="af9438bf-f3b4-4cf1-acbf-158285dfcc48"
        sling:resourceType="stw/components/structure/page/redirect"/>
    <meter-reading-success-dm-19-4/>
    <meter-reading-success-dm-19-3/>
    <meter-reading-success-dm-19-7/>
    <meter-reading-success-dm-19-8/>
    <meter-reading-success-dm-19-12/>
    <meter-reading-success-dm-19-6/>
    <meter-reading-success-dm-19-17/>
    <meter-reading-success-dm-19-13/>
    <meter-reading-success-dm-19-18/>
    <meter-reading-success-dm-19-15/>
    <meter-reading-success-dm-19-19/>
    <meter-reading-success-dm-19-16/>
    <meter-reading-success-dm-19-20/>
    <meter-reading-success-dm-19-28/>
</jcr:root>
