<!DOCTYPE log4j:configuration SYSTEM "log4j.dtd">
<log4j:configuration xmlns:log4j="http://jakarta.apache.org/log4j/"
                     debug="false">

    <appender name="consoleA" class="org.apache.log4j.ConsoleAppender">
        <layout class="org.apache.log4j.PatternLayout">
            <param name="ConversionPattern" value="sbc|%-5p %-30.30c{1} - %m%n"/>
        </layout>
    </appender>

    <root>
        <priority value="info"/>
        <appender-ref ref="consoleA"/>
    </root>
</log4j:configuration>

