<?xml version="1.0" encoding="UTF-8"?>
<project xsi:schemaLocation="http://maven.apache.org/POM/4.0.0 https://maven.apache.org/xsd/maven-4.0.0.xsd" xmlns="http://maven.apache.org/POM/4.0.0"
    xmlns:xsi="http://www.w3.org/2001/XMLSchema-instance">
  <modelVersion>4.0.0</modelVersion>
  <parent>
    <groupId>uk.co.stwater.api</groupId>
    <artifactId>wss-osgi-parent</artifactId>
    <version>2.1.274-SNAPSHOT</version>
  </parent>
  <groupId>uk.co.stwater.api</groupId>
  <artifactId>wss-osgi-bills-services</artifactId>
  <version>2.1.274-SNAPSHOT</version>
  <packaging>bundle</packaging>
  <dependencies>
    <dependency>
      <groupId>uk.co.stwater.api</groupId>
      <artifactId>wss-osgi-model</artifactId>
      <version>${project.version}</version>
    </dependency>
    <dependency>
      <groupId>uk.co.stwater.api</groupId>
      <artifactId>wss-osgi-userdb-provider</artifactId>
      <version>${project.version}</version>
    </dependency>
    <dependency>
      <groupId>uk.co.stwater.api</groupId>
      <artifactId>wss-osgi-client-target-soap</artifactId>
      <version>${project.version}</version>
      <exclusions>
        <exclusion>
          <groupId>javax.xml</groupId>
          <artifactId>jaxws-api</artifactId>
        </exclusion>
        <exclusion>
          <groupId>org.slf4j</groupId>
          <artifactId>slf4j-simple</artifactId>
        </exclusion>
      </exclusions>
    </dependency>
    <dependency>
      <groupId>uk.co.stwater.api</groupId>
      <artifactId>wss-osgi-client-target-rest</artifactId>
      <version>${project.version}</version>
    </dependency>
    <dependency>
      <groupId>uk.co.stwater.api</groupId>
      <artifactId>wss-osgi-payment-services</artifactId>
      <version>${project.version}</version>
    </dependency>
    <dependency>
      <groupId>uk.co.stwater.api</groupId>
      <artifactId>wss-osgi-metering-services</artifactId>
      <version>${project.version}</version>
    </dependency>
  </dependencies>
  <build>
    <plugins>
      <plugin>
        <groupId>org.apache.felix</groupId>
        <artifactId>maven-bundle-plugin</artifactId>
        <version>3.0.0</version>
        <extensions>true</extensions>
        <configuration>
          <instructions>
            <Bundle-Activator>uk.co.stwater.api.downloadBills.Activator</Bundle-Activator>
          </instructions>
        </configuration>
      </plugin>
      <plugin>
        <groupId>org.apache.aries.blueprint</groupId>
        <artifactId>blueprint-maven-plugin</artifactId>
        <version>${blueprint-maven-plugin.version}</version>
        <executions>
          <execution>
            <goals>
              <goal>blueprint-generate</goal>
            </goals>
          </execution>
        </executions>
        <configuration>
          <scanPaths>
            <scanPath>uk.co.stwater.api.downloadBills</scanPath>
            <scanPath>uk.co.stwater.api.bill</scanPath>
          </scanPaths>
          <excludeArtifacts>
            <excludeArtifact>org.ow2.asm:.*</excludeArtifact>
          </excludeArtifacts>
        </configuration>
      </plugin>
    </plugins>
  </build>
</project>
