<?xml version="1.0" encoding="UTF-8"?>
<project xsi:schemaLocation="http://maven.apache.org/POM/4.0.0 https://maven.apache.org/xsd/maven-4.0.0.xsd" xmlns="http://maven.apache.org/POM/4.0.0"
    xmlns:xsi="http://www.w3.org/2001/XMLSchema-instance">
  <modelVersion>4.0.0</modelVersion>
  <parent>
    <groupId>uk.co.stwater.api</groupId>
    <artifactId>wss-osgi-calculator-services</artifactId>
    <version>2.1.274-SNAPSHOT</version>
  </parent>
  <groupId>uk.co.stwater.api</groupId>
  <artifactId>wss-osgi-offerscalculator</artifactId>
  <version>2.1.274-SNAPSHOT</version>
  <packaging>bundle</packaging>
  <name>wss-osgi-offerscalculator</name>
  <url>http://maven.apache.org</url>
  <properties>
    <java.hamcrest.version>2.0.0.0</java.hamcrest.version>
    <scanPath>uk.co.stwater.api.calculator.offers</scanPath>
    <junit.jupiter.version>5.0.0-RC3</junit.jupiter.version>
    <junit.vintage.version>4.12.0-RC3</junit.vintage.version>
    <junit.platform.version>1.0.0-RC3</junit.platform.version>
  </properties>
  <dependencies>
    <dependency>
      <groupId>${project.groupId}</groupId>
      <artifactId>wss-osgi-model</artifactId>
      <version>${project.version}</version>
    </dependency>
    <dependency>
      <groupId>${project.groupId}</groupId>
      <artifactId>wss-osgi-core</artifactId>
      <version>${project.version}</version>
    </dependency>
    <dependency>
      <groupId>${project.groupId}</groupId>
      <artifactId>wss-osgi-client-target-soap</artifactId>
      <version>${project.version}</version>
      <exclusions>
        <exclusion>
          <groupId>org.slf4j</groupId>
          <artifactId>slf4j-simple</artifactId>
        </exclusion>
      </exclusions>
    </dependency>
    <dependency>
      <groupId>${project.groupId}</groupId>
      <artifactId>wss-osgi-client-target-rest</artifactId>
      <version>${project.version}</version>
    </dependency>
    <dependency>
      <groupId>mysql</groupId>
      <artifactId>mysql-connector-java</artifactId>
      <version>${mysql-jdbc.version}</version>
      <scope>test</scope>
    </dependency>
    <dependency>
      <groupId>org.easytesting</groupId>
      <artifactId>fest-assert</artifactId>
      <version>${fest-assert.version}</version>
      <scope>test</scope>
    </dependency>
    <dependency>
      <groupId>org.junit.jupiter</groupId>
      <artifactId>junit-jupiter-api</artifactId>
      <version>${junit.jupiter.version}</version>
      <scope>test</scope>
    </dependency>
    <dependency>
      <groupId>org.junit.jupiter</groupId>
      <artifactId>junit-jupiter-engine</artifactId>
      <version>${junit.jupiter.version}</version>
      <scope>test</scope>
    </dependency>
    <dependency>
      <groupId>org.junit.vintage</groupId>
      <artifactId>junit-vintage-engine</artifactId>
      <version>${junit.vintage.version}</version>
      <scope>test</scope>
    </dependency>
    <dependency>
      <groupId>org.junit.platform</groupId>
      <artifactId>junit-platform-launcher</artifactId>
      <version>${junit.platform.version}</version>
      <scope>test</scope>
    </dependency>
    <dependency>
      <groupId>org.junit.platform</groupId>
      <artifactId>junit-platform-runner</artifactId>
      <version>${junit.platform.version}</version>
      <scope>test</scope>
    </dependency>
    <dependency>
      <groupId>org.junit.jupiter</groupId>
      <artifactId>junit-jupiter-params</artifactId>
      <version>${junit.jupiter.version}</version>
      <scope>test</scope>
    </dependency>
    <dependency>
      <groupId>org.hamcrest</groupId>
      <artifactId>java-hamcrest</artifactId>
      <version>${java.hamcrest.version}</version>
      <scope>test</scope>
    </dependency>
  </dependencies>
  <build>
    <plugins>
      <plugin>
        <groupId>org.apache.felix</groupId>
        <artifactId>maven-bundle-plugin</artifactId>
        <version>3.2.0</version>
        <extensions>true</extensions>
        <configuration>
          <instructions>
            <Bundle-Activator>uk.co.stwater.api.calculator.offers.service.Activator</Bundle-Activator>
            <Bundle-SymbolicName>${project.artifactId}</Bundle-SymbolicName>
            <Bundle-Version>${project.version}</Bundle-Version>
            <Export-Package>uk.co.stwater.api.calculator.offers.service*;version=${project.version}</Export-Package>
            <Import-Package>*</Import-Package>
            <Meta-Persistence>META-INF/persistence.xml</Meta-Persistence>
            <_removeheaders>Require-Capability</_removeheaders>
          </instructions>
        </configuration>
      </plugin>
      <plugin>
        <artifactId>maven-surefire-plugin</artifactId>
        <version>2.19.1</version>
        <dependencies>
          <dependency>
            <groupId>org.junit.platform</groupId>
            <artifactId>junit-platform-surefire-provider</artifactId>
            <version>${junit.platform.version}</version>
          </dependency>
          <dependency>
            <groupId>org.junit.jupiter</groupId>
            <artifactId>junit-jupiter-engine</artifactId>
            <version>${junit.jupiter.version}</version>
          </dependency>
        </dependencies>
        <configuration>
          <additionalClasspathElements>
            <additionalClasspathElement>${basedir}/src/test/resources</additionalClasspathElement>
          </additionalClasspathElements>
        </configuration>
      </plugin>
    </plugins>
  </build>
</project>
