[
  {
    "uid": {
      "@xsi.type": "xs:long",
      "$": "1"
    },
    "eligible": "Y",
    "eligibleText": "Text",
    "paymentFrequencyCode": "R",
    "paymentDetailsCode": "DD",
    "paymentMethodText": "Direct Debit",
    "paymentFrequencyText": "On Recipt of Bill",
    "plan": false,
    "defaultt": false,
    "facilityCode": {
      "uid": {
        "@xsi.type": "xs:long",
        "$": "1"
      },
      "code": ""
    },
    "scheduleFreqCode": {
      "uid": {
        "@xsi.type": "xs:long",
        "$": "2"
      },
      "code": ""
    },
    "minDate": "2017-05-05T06:55:21+01:00",
    "maxDate": "2017-05-05T06:55:21+01:00"
  },
  {
    "uid": {
      "@xsi.type": "xs:long",
      "$": "2"
    },
    "eligible": "Y",
    "eligibleText": "Text",
    "paymentFrequencyCode": "M",
    "paymentDetailsCode": "DD",
    "paymentMethodText": "Direct Debit",
    "paymentFrequencyText": "Monthly",
    "plan": true,
    "defaultt": false,
    "facilityCode": {
      "uid": {
        "@xsi.type": "xs:long",
        "$": "3"
      },
      "code": "D"
    },
    "scheduleFreqCode": {
      "uid": {
        "@xsi.type": "xs:long",
        "$": "4"
      },
      "code": "M"
    },
    "minDate": "2017-05-05T06:55:21+01:00",
    "maxDate": "2017-05-05T06:55:21+01:00"
  },
  {
    "uid": {
      "@xsi.type": "xs:long",
      "$": "3"
    },
    "eligible": "Y",
    "eligibleText": "Text",
    "paymentFrequencyCode": "F",
    "paymentDetailsCode": "DD",
    "paymentMethodText": "Direct Debit",
    "paymentFrequencyText": "Fortnightly",
    "plan": true,
    "defaultt": false,
    "facilityCode": {
      "uid": {
        "@xsi.type": "xs:long",
        "$": "5"
      },
      "code": "D"
    },
    "scheduleFreqCode": {
      "uid": {
        "@xsi.type": "xs:long",
        "$": "6"
      },
      "code": "F"
    },
    "minDate": "2017-05-05T06:55:21+01:00",
    "maxDate": "2017-05-05T06:55:21+01:00"
  },
  {
    "uid": {
      "@xsi.type": "xs:long",
      "$": "4"
    },
    "eligible": "Y",
    "eligibleText": "Text",
    "paymentFrequencyCode": "R",
    "paymentDetailsCode": "WC",
    "paymentMethodText": "Water Card",
    "paymentFrequencyText": "On Recipt of Bill",
    "plan": false,
    "defaultt": false,
    "facilityCode": {
      "uid": {
        "@xsi.type": "xs:long",
        "$": "7"
      },
      "code": ""
    },
    "scheduleFreqCode": {
      "uid": {
        "@xsi.type": "xs:long",
        "$": "8"
      },
      "code": ""
    },
    "minDate": "2017-05-05T06:55:21+01:00",
    "maxDate": "2017-05-05T06:55:21+01:00"
  },
  {
    "uid": {
      "@xsi.type": "xs:long",
      "$": "5"
    },
    "eligible": "Y",
    "eligibleText": "Text",
    "paymentFrequencyCode": "M",
    "paymentDetailsCode": "WC",
    "paymentMethodText": "Water Card",
    "paymentFrequencyText": "Monthly",
    "plan": true,
    "defaultt": false,
    "facilityCode": {
      "uid": {
        "@xsi.type": "xs:long",
        "$": "9"
      },
      "code": "PC"
    },
    "scheduleFreqCode": {
      "uid": {
        "@xsi.type": "xs:long",
        "$": "10"
      },
      "code": "M"
    },
    "minDate": "2017-05-05T06:55:21+01:00",
    "maxDate": "2017-05-05T06:55:21+01:00"
  },
  {
    "uid": {
      "@xsi.type": "xs:long",
      "$": "6"
    },
    "eligible": "Y",
    "eligibleText": "Text",
    "paymentFrequencyCode": "F",
    "paymentDetailsCode": "WC",
    "paymentMethodText": "Water Card",
    "paymentFrequencyText": "Fortnightly",
    "plan": true,
    "defaultt": false,
    "facilityCode": {
      "uid": {
        "@xsi.type": "xs:long",
        "$": "11"
      },
      "code": "PC"
    },
    "scheduleFreqCode": {
      "uid": {
        "@xsi.type": "xs:long",
        "$": "12"
      },
      "code": "F"
    },
    "minDate": "2017-05-05T06:55:21+01:00",
    "maxDate": "2017-05-05T06:55:21+01:00"
  },
  {
    "uid": {
      "@xsi.type": "xs:long",
      "$": "7"
    },
    "eligible": "Y",
    "eligibleText": "Text",
    "paymentFrequencyCode": "W",
    "paymentDetailsCode": "WC",
    "paymentMethodText": "Water Card",
    "paymentFrequencyText": "Weekly",
    "plan": true,
    "defaultt": false,
    "facilityCode": {
      "uid": {
        "@xsi.type": "xs:long",
        "$": "13"
      },
      "code": "PC"
    },
    "scheduleFreqCode": {
      "uid": {
        "@xsi.type": "xs:long",
        "$": "14"
      },
      "code": "W"
    },
    "minDate": "2017-05-05T06:55:21+01:00",
    "maxDate": "2017-05-05T06:55:21+01:00"
  },
  {
    "uid": {
      "@xsi.type": "xs:long",
      "$": "8"
    },
    "eligible": "Y",
    "eligibleText": "Text",
    "paymentFrequencyCode": "M",
    "paymentDetailsCode": "PB",
    "paymentMethodText": "Payment Booklet",
    "paymentFrequencyText": "Monthly",
    "plan": true,
    "defaultt": false,
    "facilityCode": {
      "uid": {
        "@xsi.type": "xs:long",
        "$": "15"
      },
      "code": "B"
    },
    "scheduleFreqCode": {
      "uid": {
        "@xsi.type": "xs:long",
        "$": "16"
      },
      "code": "M"
    },
    "minDate": "2017-05-05T06:55:21+01:00",
    "maxDate": "2017-05-05T06:55:21+01:00"
  },
  {
    "uid": {
      "@xsi.type": "xs:long",
      "$": "9"
    },
    "eligible": "Y",
    "eligibleText": "Text",
    "paymentFrequencyCode": "F",
    "paymentDetailsCode": "PB",
    "paymentMethodText": "Payment Booklet",
    "paymentFrequencyText": "Fortnightly",
    "plan": true,
    "defaultt": false,
    "facilityCode": {
      "uid": {
        "@xsi.type": "xs:long",
        "$": "17"
      },
      "code": "B"
    },
    "scheduleFreqCode": {
      "uid": {
        "@xsi.type": "xs:long",
        "$": "18"
      },
      "code": "F"
    },
    "minDate": "2017-05-05T06:55:21+01:00",
    "maxDate": "2017-05-05T06:55:21+01:00"
  },
  {
    "uid": {
      "@xsi.type": "xs:long",
      "$": "10"
    },
    "eligible": "Y",
    "eligibleText": "Text",
    "paymentFrequencyCode": "W",
    "paymentDetailsCode": "PB",
    "paymentMethodText": "Payment Booklet",
    "paymentFrequencyText": "Weekly",
    "plan": true,
    "defaultt": false,
    "facilityCode": {
      "uid": {
        "@xsi.type": "xs:long",
        "$": "19"
      },
      "code": "B"
    },
    "scheduleFreqCode": {
      "uid": {
        "@xsi.type": "xs:long",
        "$": "20"
      },
      "code": "W"
    },
    "minDate": "2017-05-05T06:55:21+01:00",
    "maxDate": "2017-05-05T06:55:21+01:00"
  },
  {
    "uid": {
      "@xsi.type": "xs:long",
      "$": "11"
    },
    "eligible": "Y",
    "eligibleText": "Text",
    "paymentFrequencyCode": "R",
    "paymentDetailsCode": "CD",
    "paymentMethodText": "Credit/Debit Card",
    "paymentFrequencyText": "On Recipt of Bill",
    "plan": false,
    "defaultt": false,
    "facilityCode": {
      "uid": {
        "@xsi.type": "xs:long",
        "$": "21"
      },
      "code": ""
    },
    "scheduleFreqCode": {
      "uid": {
        "@xsi.type": "xs:long",
        "$": "22"
      },
      "code": ""
    },
    "minDate": "2017-05-05T06:55:21+01:00",
    "maxDate": "2017-05-05T06:55:21+01:00"
  },
  {
    "uid": {
      "@xsi.type": "xs:long",
      "$": "12"
    },
    "eligible": "Y",
    "eligibleText": "Text",
    "paymentFrequencyCode": "R",
    "paymentDetailsCode": "PI",
    "paymentMethodText": "Pingit",
    "paymentFrequencyText": "On Recipt of Bill",
    "plan": false,
    "defaultt": false,
    "facilityCode": {
      "uid": {
        "@xsi.type": "xs:long",
        "$": "23"
      },
      "code": ""
    },
    "scheduleFreqCode": {
      "uid": {
        "@xsi.type": "xs:long",
        "$": "24"
      },
      "code": ""
    },
    "minDate": "2017-05-05T06:55:21+01:00",
    "maxDate": "2017-05-05T06:55:21+01:00"
  },
  {
    "uid": {
      "@xsi.type": "xs:long",
      "$": "13"
    },
    "eligible": "Y",
    "eligibleText": "Text",
    "paymentFrequencyCode": "R",
    "paymentDetailsCode": "VB",
    "paymentMethodText": "Via Bank",
    "paymentFrequencyText": "On Recipt of Bill",
    "plan": false,
    "defaultt": false,
    "facilityCode": {
      "uid": {
        "@xsi.type": "xs:long",
        "$": "25"
      },
      "code": ""
    },
    "scheduleFreqCode": {
      "uid": {
        "@xsi.type": "xs:long",
        "$": "26"
      },
      "code": ""
    },
    "minDate": "2017-05-05T06:55:21+01:00",
    "maxDate": "2017-05-05T06:55:21+01:00"
  },
  {
    "uid": {
      "@xsi.type": "xs:long",
      "$": "14"
    },
    "eligible": "Y",
    "eligibleText": "Text",
    "paymentFrequencyCode": "R",
    "paymentDetailsCode": "CH",
    "paymentMethodText": "Cheque",
    "paymentFrequencyText": "On Recipt of Bill",
    "plan": false,
    "defaultt": false,
    "facilityCode": {
      "uid": {
        "@xsi.type": "xs:long",
        "$": "27"
      },
      "code": ""
    },
    "scheduleFreqCode": {
      "uid": {
        "@xsi.type": "xs:long",
        "$": "28"
      },
      "code": ""
    },
    "minDate": "2017-05-05T06:55:21+01:00",
    "maxDate": "2017-05-05T06:55:21+01:00"
  }
]