<?xml version="1.0" encoding="UTF-8"?>
<project xsi:schemaLocation="http://maven.apache.org/POM/4.0.0 https://maven.apache.org/xsd/maven-4.0.0.xsd" xmlns="http://maven.apache.org/POM/4.0.0"
    xmlns:xsi="http://www.w3.org/2001/XMLSchema-instance">
  <modelVersion>4.0.0</modelVersion>
  <parent>
    <groupId>uk.co.stwater.api</groupId>
    <artifactId>wss-osgi-parent</artifactId>
    <version>2.1.274-SNAPSHOT</version>
  </parent>
  <groupId>uk.co.stwater.api</groupId>
  <artifactId>wss-osgi-call-wrap-services</artifactId>
  <version>2.1.274-SNAPSHOT</version>
  <packaging>bundle</packaging>
  <properties>
    <scanPath>uk.co.stwater.api.callwrap</scanPath>
  </properties>
  <dependencies>
    <dependency>
      <groupId>${project.groupId}</groupId>
      <artifactId>wss-osgi-client-target-rest</artifactId>
      <version>${project.version}</version>
    </dependency>
    <dependency>
      <groupId>${project.groupId}</groupId>
      <artifactId>wss-osgi-userdb-provider</artifactId>
      <version>${project.version}</version>
    </dependency>
    <dependency>
      <groupId>${project.groupId}</groupId>
      <artifactId>wss-osgi-caching</artifactId>
      <version>${project.version}</version>
    </dependency>
    <dependency>
      <groupId>${project.groupId}</groupId>
      <artifactId>wss-osgi-template-services</artifactId>
      <version>${project.version}</version>
    </dependency>
  </dependencies>
  <build>
    <plugins>
      <plugin>
        <groupId>org.codehaus.mojo</groupId>
        <artifactId>aspectj-maven-plugin</artifactId>
      </plugin>
    </plugins>
  </build>
</project>
