<?xml version="1.0" encoding="UTF-8"?>
<jcr:root xmlns:cq="http://www.day.com/jcr/cq/1.0" xmlns:jcr="http://www.jcp.org/jcr/1.0"
    jcr:primaryType="cq:Page">
    <jcr:content/>
    <reg_ipad/>
    <reg_ipad0/>
    <redundant_message/>
    <business_reg/>
    <payment_made0/>
    <customer_details_update3/>
    <password_reset_request0/>
    <account_added0/>
    <dd_setup5/>
    <dd_setup6/>
    <dd_setup7/>
    <account_added/>
    <dd_setup4/>
    <payment_schedule6/>
    <dd_setup0/>
    <dd_setup3/>
    <payment_schedule5/>
    <dd_setup2/>
    <dd_setup1/>
    <payment_schedule4/>
    <payment_schedule2/>
    <payment_schedule3/>
    <payment_schedule0/>
    <payment_schedule/>
    <my_account_registration3/>
    <payment_schedule1/>
    <view_bill/>
    <schedule_cancelled/>
    <dd_setup/>
    <paperless_signup/>
    <my_account_registration1/>
    <my_account_registration2/>
    <view_schedule/>
    <copybill_request/>
    <view_statement/>
    <watercard_request/>
    <watercard_request0/>
    <watercard_request1/>
    <cancel_watercard/>
    <customer_details_update/>
    <customer_details_update0/>
    <account_removed/>
    <customer_details_update1/>
    <customer_details_update2/>
    <account_closed/>
    <moving_home1/>
    <moving_home4/>
    <payment_made/>
    <successful-meter-read-e19-1/>
    <successful-meter-read-e19-2/>
    <my_account_registration/>
    <email-register-my-account1/>
    <my_account_username/>
    <my_account_registration0/>
    <smart_statement/>
    <payment_schedule_cancel/>
    <bill_schedule/>
    <water_meter_application/>
    <payment_schedule01/>
    <password_reset_confirm01/>
    <payment_schedule51/>
    <payment_schedule41/>
    <payment_schedule7/>
    <payment_schedule411/>
    <payment_schedule011/>
    <payment_schedule71/>
    <payment_schedule511/>
    <master-email-template1/>
    <payment_schedule711/>
    <payment_schedule4111/>
    <payment_schedule4111111/>
    <payment_schedule411111/>
    <payment_schedule41111/>
    <blue-reminder/>
    <arruds/>
    <bank-details-changed/>
    <password-reset-request-social/>
    <successful-registration-1/>
    <successful-registration-social-1/>
    <password-reset-request/>
    <successful-registration/>
    <successful-registration-social/>
    <customer-details-update/>
    <customer-personal-details-update/>
    <customer-details-removed/>
    <password-update-confirmation/>
    <customer-details-provided/>
    <account-added-paperless/>
    <account-removed/>
    <account-closed/>
    <account-added/>
    <move-home-e18-1/>
    <move-home-e18-2/>
    <move-home-e18-4/>
    <move-home-e18-5/>
    <move-home-e18-6/>
    <move-home-e18-7/>
    <move-home-e18-8/>
    <move-home-e18-9/>
    <move-home-e18-10/>
</jcr:root>
