<?xml version="1.0" encoding="UTF-8" standalone="yes"?>
<features xmlns="http://karaf.apache.org/xmlns/features/v1.5.0" name="openjpa-3.2.0">
    <feature name="openjpa" description="Apache OpenJPA 3 persistence engine support" version="3.2.0">
        <details>Apache OpenJPA persistence engine</details>
        <bundle dependency="true">mvn:org.apache.geronimo.specs/geronimo-jta_1.1_spec/1.1.1</bundle>
        <bundle dependency="true">mvn:org.eclipse.persistence/javax.persistence/2.1.0</bundle>
        <bundle dependency="true">mvn:org.apache.geronimo.specs/geronimo-annotation_1.0_spec/1.1.1</bundle>
        <bundle dependency="true">mvn:org.apache.geronimo.specs/geronimo-el_1.0_spec/1.0.1</bundle>
        <bundle dependency="true">mvn:org.apache.commons/commons-pool2/2.6.0</bundle>
        <bundle dependency="true">mvn:org.apache.commons/commons-dbcp2/2.7.0</bundle>
        <bundle dependency="true">mvn:org.apache.servicemix.bundles/org.apache.servicemix.bundles.serp/1.14.1_1</bundle>
        <bundle dependency="true">mvn:org.apache.xbean/xbean-asm9-shaded/4.20</bundle>
        <bundle>mvn:org.apache.openjpa/openjpa/3.2.0</bundle>
        <capability>
            osgi.service;objectClass=javax.persistence.spi.PersistenceProvider;effective:=active;javax.persistence.provider=org.apache.openjpa.persistence.PersistenceProviderImpl
        </capability>
    </feature>
</features>
