<?xml version="1.0" encoding="UTF-8"?>
<!--

    Copyright 2021 OPS4J.

    Licensed under the Apache License, Version 2.0 (the "License");
    you may not use this file except in compliance with the License.
    You may obtain a copy of the License at

        http://www.apache.org/licenses/LICENSE-2.0

    Unless required by applicable law or agreed to in writing, software
    distributed under the License is distributed on an "AS IS" BASIS,
    WITHOUT WARRANTIES OR CONDITIONS OF ANY KIND, either express or implied.
    See the License for the specific language governing permissions and
    limitations under the License.

-->
<features name="org.ops4j.pax.jdbc-1.5.0" xmlns="http://karaf.apache.org/xmlns/features/v1.4.0">

    <repository>
        mvn:org.ops4j.pax.transx/pax-transx-features/0.5.0/xml/features
    </repository>

    <feature name="pax-jdbc-spec" description="Provides OSGi JDBC Service spec" version="1.5.0">
        <bundle dependency="true">mvn:org.osgi/org.osgi.service.jdbc/1.0.0</bundle>
        <!-- it should be Karaf that installs "transaction-api" feature, that's why these bundles have dependency="true" -->
        <bundle dependency="true">mvn:javax.transaction/javax.transaction-api/1.2</bundle>
        <bundle dependency="true">mvn:javax.interceptor/javax.interceptor-api/1.2.2</bundle>
        <bundle dependency="true">mvn:org.apache.servicemix.bundles/org.apache.servicemix.bundles.javax-inject/1_3</bundle>
        <bundle dependency="true">mvn:javax.el/javax.el-api/3.0.0</bundle>
        <bundle dependency="true">mvn:javax.enterprise/cdi-api/2.0.SP1</bundle>
    </feature>

    <feature name="pax-jdbc" description="Provides JDBC Service support" version="1.5.0">
        <feature>pax-jdbc-spec</feature>

        <bundle>mvn:org.ops4j.pax.jdbc/pax-jdbc/1.5.0</bundle>
    </feature>

    <feature name="pax-jdbc-config" description="Provides JDBC Config support" version="1.5.0">
        <feature>pax-jdbc-spec</feature>

        <bundle dependency="true">mvn:org.apache.servicemix.bundles/org.apache.servicemix.bundles.jasypt/1.9.3_1</bundle>
        <bundle>mvn:org.ops4j.pax.jdbc/pax-jdbc-pool-common/1.5.0</bundle>
        <bundle>mvn:org.ops4j.pax.jdbc/pax-jdbc-config/1.5.0</bundle>
    </feature>

    <feature name="pax-jdbc-db2" description="Provides JDBC DB2 DataSourceFactory" version="1.5.0">
        <details>This feature requires actual IBM DB2 JDBC driver installed</details>
        <feature>pax-jdbc-spec</feature>

        <bundle>mvn:org.ops4j.pax.jdbc/pax-jdbc-db2/1.5.0</bundle>
    </feature>

    <feature name="pax-jdbc-teradata" description="Provides JDBC Teradata DataSourceFactory" version="1.5.0">
        <feature>pax-jdbc-spec</feature>

        <bundle>mvn:org.ops4j.pax.jdbc/pax-jdbc-teradata/1.5.0</bundle>
    </feature>

    <feature name="pax-jdbc-derby" description="Provides JDBC Derby Embedded DataSourceFactory" version="1.5.0">
        <feature>pax-jdbc-spec</feature>

        <bundle dependency="true">mvn:org.apache.derby/derby/10.14.2.0</bundle>
        <bundle>mvn:org.ops4j.pax.jdbc/pax-jdbc-derby/1.5.0</bundle>
    </feature>

    <feature name="pax-jdbc-derbyclient" description="Provides JDBC Derby Client DataSourceFactory" version="1.5.0">
        <feature>pax-jdbc-spec</feature>

        <bundle dependency="true">mvn:org.apache.derby/derbyclient/10.14.2.0</bundle>
        <bundle>mvn:org.ops4j.pax.jdbc/pax-jdbc-derbyclient/1.5.0</bundle>
    </feature>

    <feature name="pax-jdbc-h2" description="Provides JDBC H2 DataSourceFactory" version="1.5.0">
        <feature>pax-jdbc-spec</feature>

        <bundle>mvn:com.h2database/h2/1.4.200</bundle>
    </feature>

    <feature name="pax-jdbc-hsqldb" description="Provides JDBC HSQLDB DataSourceFactory" version="1.5.0">
        <feature>pax-jdbc-spec</feature>

        <bundle dependency="true">mvn:org.hsqldb/hsqldb/2.5.1</bundle>
        <bundle>mvn:org.ops4j.pax.jdbc/pax-jdbc-hsqldb/1.5.0</bundle>
    </feature>

    <feature name="pax-jdbc-mariadb" description="Provides JDBC Mariadb DataSourceFactory" version="1.5.0">
        <feature>pax-jdbc-spec</feature>

        <bundle dependency="true">mvn:org.mariadb.jdbc/mariadb-java-client/2.7.2</bundle>
        <bundle>mvn:org.ops4j.pax.jdbc/pax-jdbc-mariadb/1.5.0</bundle>
    </feature>

    <feature name="pax-jdbc-oracle" description="Provides JDBC Oracle DataSourceFactory" version="1.5.0">
        <details>This feature requires actual Oracle JDBC driver installed</details>
        <feature>pax-jdbc-spec</feature>

        <bundle dependency="true">wrap:mvn:com.oracle.database.jdbc/ojdbc8/21.1.0.0</bundle>
        <bundle>mvn:org.ops4j.pax.jdbc/pax-jdbc-oracle/1.5.0</bundle>
    </feature>

    <feature name="pax-jdbc-postgresql" description="Provides JDBC PostgreSQL DataSourceFactory" version="1.5.0">
        <feature>pax-jdbc-spec</feature>

        <bundle>mvn:org.postgresql/postgresql/42.2.8</bundle>
    </feature>

    <feature name="pax-jdbc-sqlite" description="Provides JDBC SQLite DataSourceFactory" version="1.5.0">
        <feature>pax-jdbc-spec</feature>

        <bundle dependency="true">mvn:org.xerial/sqlite-jdbc/3.34.0</bundle>
        <bundle>mvn:org.ops4j.pax.jdbc/pax-jdbc-sqlite/1.5.0</bundle>
    </feature>

    <feature name="pax-jdbc-mssql" description="Provides JDBC MSSQL DataSourceFactory" version="1.5.0">
        <feature>pax-jdbc-spec</feature>

        <bundle>mvn:com.microsoft.sqlserver/mssql-jdbc/9.2.0.jre8</bundle>
    </feature>

    <feature name="pax-jdbc-jtds" description="Provides JDBC jTDS DataSourceFactory" version="1.5.0">
        <details>This feature relies on very old jtds driver. Please consider pax-jdbc-mssql feature instead.</details>
        <feature>pax-jdbc-spec</feature>

        <bundle dependency="true">wrap:mvn:net.sourceforge.jtds/jtds/1.3.1</bundle>
        <bundle>mvn:org.ops4j.pax.jdbc/pax-jdbc-jtds/1.5.0</bundle>
    </feature>

    <feature name="pax-jdbc-pool-dbcp2" description="Provides JDBC Pooling DataSourceFactory" version="1.5.0">
        <feature>pax-jdbc-spec</feature>

        <bundle dependency="true">mvn:org.apache.commons/commons-pool2/2.9.0</bundle>
        <bundle dependency="true">mvn:org.apache.commons/commons-dbcp2/2.8.0</bundle>
        <bundle dependency="true">mvn:org.apache.servicemix.bundles/org.apache.servicemix.bundles.cglib/3.3.0_1</bundle>
        <bundle>mvn:org.ops4j.pax.jdbc/pax-jdbc-pool-common/1.5.0</bundle>
        <bundle>mvn:org.ops4j.pax.jdbc/pax-jdbc-pool-dbcp2/1.5.0</bundle>
    </feature>

    <feature name="pax-jdbc-pool-c3p0" description="Provides JDBC Pooling using C3P0" version="1.5.0">
        <feature>pax-jdbc-spec</feature>

        <bundle dependency="true">mvn:org.apache.servicemix.bundles/org.apache.servicemix.bundles.c3p0/0.9.5.5_1</bundle>
        <bundle dependency="true">mvn:org.apache.servicemix.bundles/org.apache.servicemix.bundles.cglib/3.3.0_1</bundle>
        <bundle>mvn:org.ops4j.pax.jdbc/pax-jdbc-pool-common/1.5.0</bundle>
        <bundle>mvn:org.ops4j.pax.jdbc/pax-jdbc-pool-c3p0/1.5.0</bundle>
    </feature>

    <feature name="pax-jdbc-pool-hikaricp" description="Provides JDBC Pooling DataSourceFactory using HikariCP" version="1.5.0">
        <feature>pax-jdbc-spec</feature>

        <bundle>mvn:com.zaxxer/HikariCP/3.4.5</bundle>
        <bundle dependency="true">mvn:org.apache.servicemix.bundles/org.apache.servicemix.bundles.cglib/3.3.0_1</bundle>
        <bundle>mvn:org.ops4j.pax.jdbc/pax-jdbc-pool-common/1.5.0</bundle>
        <bundle>mvn:org.ops4j.pax.jdbc/pax-jdbc-pool-hikaricp/1.5.0</bundle>
    </feature>

    <feature name="pax-jdbc-pool-aries" description="Provides JDBC Pooling DataSourceFactory using Aries Transaction JDBC" version="1.5.0">
        <feature>pax-jdbc-spec</feature>

        <bundle dependency="true">mvn:org.apache.geronimo.specs/geronimo-j2ee-connector_1.6_spec/1.0</bundle>
<!--        <bundle dependency="true">mvn:javax.resource/javax.resource-api/${version.javax.resource}</bundle>-->
        <!-- aries.jdbc only uses org.apache.geronimo.connector.outbound package, however javax.validation is needed to safisfy geronimo-connector -->
        <bundle dependency="true">mvn:javax.validation/validation-api/1.1.0.Final</bundle>

        <bundle dependency="true">mvn:org.apache.geronimo.components/geronimo-connector/3.1.4</bundle>
        <bundle dependency="true">mvn:org.apache.aries/org.apache.aries.util/1.1.3</bundle>
        <bundle dependency="true">mvn:org.apache.aries.transaction/org.apache.aries.transaction.manager/1.3.3</bundle>
        <bundle>mvn:org.ops4j.pax.jdbc/pax-jdbc-pool-common/1.5.0</bundle>
        <bundle>mvn:org.ops4j.pax.jdbc/pax-jdbc-pool-aries/1.5.0</bundle>
    </feature>

    <feature name="pax-jdbc-pool-narayana" description="Provides JDBC Pooling DataSourceFactory using Narayana Transaction Manager" version="1.5.0">
        <feature>pax-jdbc-spec</feature>

        <bundle dependency="true">mvn:org.apache.commons/commons-pool2/2.9.0</bundle>
        <bundle dependency="true">mvn:org.apache.commons/commons-dbcp2/2.8.0</bundle>
        <bundle dependency="true">mvn:org.apache.servicemix.bundles/org.apache.servicemix.bundles.cglib/3.3.0_1</bundle>
        <bundle dependency="true">mvn:org.jboss.narayana.osgi/narayana-osgi-jta/5.10.6.Final</bundle>
        <bundle>mvn:org.ops4j.pax.jdbc/pax-jdbc-pool-common/1.5.0</bundle>
        <bundle>mvn:org.ops4j.pax.jdbc/pax-jdbc-pool-narayana/1.5.0</bundle>
    </feature>

    <feature name="pax-jdbc-pool-transx" description="Provides JDBC Pooling DataSourceFactory using Pax TransX JDBC" version="1.5.0">
        <feature>pax-jdbc-spec</feature>
        <feature>pax-transx-tm</feature>
        <feature>pax-transx-jdbc</feature>

        <bundle>mvn:org.ops4j.pax.jdbc/pax-jdbc-pool-common/1.5.0</bundle>
        <bundle>mvn:org.ops4j.pax.jdbc/pax-jdbc-pool-transx/1.5.0</bundle>
    </feature>

</features>
