<?xml version="1.0" encoding="windows-1252"?>
<property-edits xmlns="http://karaf.apache.org/tools/property-edits/1.0.0">
    <edits>
        <edit>
            <file>org.apache.karaf.features.cfg</file>
             <operation prepend='false'>extend</operation>
            <key>featuresBoot</key>
            <value>sbapp-application-dependencies,${env:WSS_ENV}</value>
        </edit>
        
        <!-- Upadte mvn config file -->
        <edit>
            <file>org.ops4j.pax.url.mvn.cfg</file>
             <operation>put</operation>
            <key>org.ops4j.pax.url.mvn.localRepository</key>
            <value>${karaf.base.uri}/.m2/repository</value>
        </edit>
        <edit>
            <file>org.ops4j.pax.url.mvn.cfg</file>
             <operation>remove</operation>
            <key>org.ops4j.pax.url.mvn.repositories</key>
        </edit>
        <edit>
            <file>org.ops4j.pax.url.mvn.cfg</file>
             <operation>put</operation>
            <key>org.ops4j.pax.url.mvn.repositories</key>
            <value>http://nexus.stwater.intra:8081/repository/maven-group@id=nexus@snapshots, https://repo1.maven.org/maven2@id=central, https://repository.apache.org/content/groups/snapshots-group@id=apache@snapshots@noreleases, https://oss.sonatype.org/content/repositories/ops4j-snapshots@id=ops4j.sonatype.snapshots.deploy@snapshots@noreleases</value>
        </edit>
     </edits>
</property-edits>
