<?xml version="1.0" encoding="UTF-8"?>
<project xsi:schemaLocation="http://maven.apache.org/POM/4.0.0 https://maven.apache.org/xsd/maven-4.0.0.xsd" xmlns="http://maven.apache.org/POM/4.0.0"
    xmlns:xsi="http://www.w3.org/2001/XMLSchema-instance">
  <modelVersion>4.0.0</modelVersion>
  <parent>
    <groupId>uk.co.stwater.api</groupId>
    <artifactId>wss-osgi-parent</artifactId>
    <version>2.1.274-SNAPSHOT</version>
  </parent>
  <groupId>uk.co.stwater.api</groupId>
  <artifactId>wss-osgi-calculator-services</artifactId>
  <version>2.1.274-SNAPSHOT</version>
  <packaging>pom</packaging>
  <name>wss-osgi-calculator-services</name>
  <url>http://maven.apache.org</url>
  <modules>
    <module>wss-osgi-calculatorcommon</module>
    <module>wss-osgi-bds-calculator</module>
    <module>wss-osgi-consumptioncalculator</module>
    <module>wss-osgi-rvcalculator</module>
    <module>wss-osgi-assessedcalculator</module>
    <module>wss-osgi-offerscalculator</module>
    <module>wss-osgi-waterdirectcalculator</module>
    <module>wss-osgi-paymentarrangementservice</module>
  </modules>
  <properties>
    <fest-assert.version>1.4</fest-assert.version>
    <project.build.sourceEncoding>UTF-8</project.build.sourceEncoding>
    <scanPath>uk.co.stwater.api.calculator</scanPath>
  </properties>
  <dependencies>
    <dependency>
      <groupId>org.apache.cxf</groupId>
      <artifactId>cxf-rt-rs-extension-providers</artifactId>
      <version>${cxf.version}</version>
    </dependency>
    <dependency>
      <groupId>org.hibernate</groupId>
      <artifactId>hibernate-core</artifactId>
      <version>${hibernate.version}</version>
    </dependency>
    <dependency>
      <groupId>org.hibernate</groupId>
      <artifactId>hibernate-entitymanager</artifactId>
      <version>${hibernate.version}</version>
    </dependency>
    <dependency>
      <groupId>com.h2database</groupId>
      <artifactId>h2</artifactId>
      <version>${h2.version}</version>
      <scope>test</scope>
    </dependency>
  </dependencies>
  <build />
</project>
