<?xml version="1.0" encoding="UTF-8"?>
<jcr:root xmlns:cq="http://www.day.com/jcr/cq/1.0" xmlns:jcr="http://www.jcp.org/jcr/1.0" xmlns:rep="internal"
    jcr:mixinTypes="[rep:AccessControllable]"
    jcr:primaryType="cq:Page">
    <jcr:content/>
    <overview/>
    <home/>
    <Makeapayment/>
    <regular-payments/>
    <my-water-meter/>
    <moving-home/>
    <moving-home-dnp/>
    <moving-home-1/>
    <moving-home-wss/>
    <home-move/>
    <new-customer/>
    <update-your-account-details/>
    <card-payment/>
    <bills-and-payment/>
    <regular-payments-wss/>
    <my-water-meter-wss/>
    <update-your-account-details0/>
    <help-with-account/>
    <help-when-you-need-it/>
    <our-charges/>
    <our-service-explained/>
    <regular-payment/>
    <manage-watercard/>
    <apply-for-meter/>
    <apply-for-meter-4/>
    <forgot-email-address-or-username/>
    <email-template/>
    <register/>
    <guest/>
    <survey/>
    <reset-password/>
    <forgot-password/>
    <forgot-username/>
    <cmp-email-templates/>
    <stop-condition/>
    <tile-banner/>
    <logout-success/>
    <view-attachment/>
    <create-an-account/>
    <wss-feedback/>
    <fast-pay/>
    <payment-lite/>
    <fast-pay123/>
    <understanding-your-bill/>
    <personalised-service/>
    <error-messages/>
    <how-to-switch-to-paperless-billing/>
    <meter-reading/>
    <meter-reading_dnp/>
    <enter-a-meter-reading/>
    <enter-a-meter-reading_dnp/>
    <final-read/>
    <final-read_dnp/>
    <go-paperless/>
    <amend-bank-account/>
    <meter-reading-history/>
    <oss-email-templates/>
    <digital-billing-emails/>
    <how-to-report-a-death/>
    <direct-debit-option/>
    <direct-debit-option-auth/>
    <enter-a-water-reading/>
    <refund-your-account-balance/>
    <iko-emails/>
    <report-an-issue-through-vyn/>
    <manage-profile/>
    <update-account-information/>
    <manage-accounts/>
    <update-password/>
    <household-charges/>
    <my-priority-services/>
    <bills-and-payment-test/>
    <rep:policy/>
</jcr:root>
