<?xml version="1.0" encoding="UTF-8"?>
<jcr:root xmlns:cq="http://www.day.com/jcr/cq/1.0" xmlns:jcr="http://www.jcp.org/jcr/1.0" xmlns:rep="internal"
    jcr:mixinTypes="[rep:AccessControllable]"
    jcr:primaryType="cq:Page">
    <jcr:content/>
    <my-account/>
    <in-my-area/>
    <my-services/>
    <wonderful-water/>
    <our-visitor-sites/>
    <building-and-developing/>
    <about-us/>
    <businesses/>
    <help-and-contact/>
    <regulatory-library/>
    <news/>
    <search/>
    <severntrentplc/>
    <get-in-touch/>
    <sitemap/>
    <severn-trent-services/>
    <errorpages/>
    <googlea98570c32f9e5519/>
    <paypoint/>
    <wss_header/>
    <wss_footer/>
    <hydrant-misuse/>
    <dd/>
    <developer-services/>
    <hello/>
    <developers/>
    <library/>
    <businesses0/>
    <wonderfulwater/>
    <wonderfulontap/>
    <howweareregulated/>
    <comevisitus/>
    <documents/>
    <plannedimprovements/>
    <monitoringwaterquality/>
    <wherewesupply/>
    <sewer-map/>
    <communitychampions/>
    <cleandrains/>
    <businessservices/>
    <waterdirect/>
    <helpingyoupay/>
    <reportaproblem/>
    <doingourbit/>
    <reportaleak/>
    <aboutus/>
    <about/>
    <loveyourwater/>
    <moving-home/>
    <inmyarea/>
    <waterqualityinformation/>
    <whereyourwatercomesfrom/>
    <myservices/>
    <ourserviceexplained/>
    <myaccount/>
    <my-account0/>
    <marketchanges/>
    <developers0/>
    <fiveyearplan/>
    <savewater/>
    <watersavingproducts/>
    <charges/>
    <charitypartnerships/>
    <checkmywaterquality/>
    <waterquality/>
    <yourrights/>
    <ourcharges/>
    <ccg/>
    <customerchallengegroup/>
    <checkmyarea/>
    <vat/>
    <mediacontact/>
    <watersavingtips/>
    <wrmp/>
    <sewerflooding/>
    <selfserveterms/>
    <paperlessterms/>
    <here2help/>
    <daysout/>
    <visitorsites/>
    <events/>
    <businessaccount/>
    <careers/>
    <legal/>
    <privacy/>
    <newcust/>
    <helpwithbills/>
    <priority/>
    <access/>
    <businesscharges/>
    <watermeter/>
    <calculate/>
    <savings/>
    <newcustomer/>
    <business/>
    <_x0032_020-2025plan/>
    <refill/>
    <winter/>
    <password/>
    <account/>
    <lakevyrnwy/>
    <llynclywedog/>
    <read/>
    <metering/>
    <login/>
    <landing/>
    <findaplumber/>
    <findaplumber0/>
    <temporaryusageban/>
    <agent-login/>
    <boil/>
    <donotdrink/>
    <donotuse/>
    <donotuseorflush/>
    <metering-partners/>
    <blockages/>
    <christmascrafts/>
    <water-supply-interruptions-in-heniarth/>
    <fast-pay/>
    <understanding-your-bill/>
    <financial-support/>
    <help-when-you-need-it/>
    <unmeteredfixedcharge/>
    <highway-drainage/>
    <support/>
    <h2o/>
    <keeping-water-flowing/>
    <coronavirus/>
    <contact-us/>
    <payment-options/>
    <works/>
    <financialhelp/>
    <howsourwork/>
    <whatsapp/>
    <accessible-bill-formats/>
    <burst-in-shrewsbury-/>
    <contact/>
    <register/>
    <fp/>
    <llsaving/>
    <llpriority/>
    <hb/>
    <investors/>
    <careers0/>
    <discolouration/>
    <save/>
    <calculator/>
    <hero/>
    <communityfund/>
    <payment-plan/>
    <investigating-supply-interruptions-in-montgomery-and-surrounding/>
    <water-pipe-responsibility/>
    <caringforyou/>
    <review-psr/>
    <psr-review/>
    <find-and-read-your-meter/>
    <burst-water-pipe-on-summerhill/>
    <watersure-renewal/>
    <help-with-paying-your-bill/>
    <careforwater/>
    <how-to-check-for-a-leak/>
    <get-winter-ready/>
    <winter-ready/>
    <leakage-allowance/>
    <waterhealthcheck/>
    <here-to-help/>
    <buy-a-water-butt/>
    <check-for-a-leaky-loo/>
    <heretohelp/>
    <meter-terms-and-conditions/>
    <lake-vyrnwy-resident-permit/>
    <watersure-application/>
    <water-meter/>
    <matching-plus/>
    <better-water-quality/>
    <supply-interruptions-in-powys-/>
    <water-efficiency/>
    <help-with-bill/>
    <priority-services/>
    <lead/>
    <lead-replacement-scheme/>
    <success/>
    <email/>
    <yournewmeter/>
    <go-paperless-and-win/>
    <filming/>
    <rep:policy/>
</jcr:root>
