<?xml version="1.0" encoding="UTF-8"?>
<project xsi:schemaLocation="http://maven.apache.org/POM/4.0.0 https://maven.apache.org/xsd/maven-4.0.0.xsd" xmlns="http://maven.apache.org/POM/4.0.0"
    xmlns:xsi="http://www.w3.org/2001/XMLSchema-instance">
  <modelVersion>4.0.0</modelVersion>
  <parent>
    <groupId>uk.co.stwater.api</groupId>
    <artifactId>wss-osgi-calculator-services</artifactId>
    <version>2.1.274-SNAPSHOT</version>
  </parent>
  <groupId>uk.co.stwater.api</groupId>
  <artifactId>wss-osgi-calculatorcommon</artifactId>
  <version>2.1.274-SNAPSHOT</version>
  <packaging>bundle</packaging>
  <name>wss-osgi-calculatorcommon</name>
  <url>http://maven.apache.org</url>
  <properties>
    <scanPath>uk.co.stwater.api.calculator.common</scanPath>
  </properties>
  <dependencies>
    <dependency>
      <groupId>${project.groupId}</groupId>
      <artifactId>wss-osgi-core</artifactId>
      <version>${project.version}</version>
    </dependency>
    <dependency>
      <groupId>uk.co.stwater.api</groupId>
      <artifactId>wss-osgi-userdb-provider</artifactId>
      <version>${project.version}</version>
    </dependency>
  </dependencies>
</project>
