<?xml version="1.0" encoding="UTF-8"?>
<jcr:root xmlns:cq="http://www.day.com/jcr/cq/1.0" xmlns:jcr="http://www.jcp.org/jcr/1.0"
    jcr:primaryType="cq:Page">
    <jcr:content/>
    <restricted-cs/>
    <restricted-wss/>
    <restricted-cm/>
    <stop-condition-already-registered/>
    <restricted-dm1-2/>
    <restricted-dm1-3/>
    <restricted-dm1-7/>
    <restricted-dm1-9/>
    <restricted-dm1-11/>
    <restricted-dm1-14/>
    <restricted-dm7-2/>
    <restricted-dm7-3/>
    <restricted-dm15-4/>
    <restricted-dm-18-2/>
    <restricted-dm18-5/>
    <restricted-dm18-6/>
    <restricted-dm18-7/>
    <restricted-dm19-9/>
    <restricted-dm18-8/>
    <restricted-dm18-15/>
    <restricted-dm18-18/>
    <restricted-dm31/>
    <restricted-cs1-dm1-17/>
    <restricted-dm20-2/>
    <restricted-dm22-13/>
    <restricted-dm16-10/>
    <restricted-wss-dm12-3/>
    <restricted-dm40/>
    <restricted-cs-dm1-21/>
    <restricted-dm16-12/>
    <restricted-dm19-10/>
    <restricted-dm19-11/>
    <restricted-dm18-24/>
    <restricted-dm18-25/>
    <restricted-dm16-101/>
    <restricted-dm1-22/>
    <stop-condition-waterplus-customer/>
    <restricted-dm16-17/>
    <restricted-dm15-5/>
    <restricted-dm23-7/>
    <restricted-dm23-8/>
    <restricted-dm23-6/>
    <restricted-dm22-14/>
    <restricted-dm16-18/>
    <restricted-dm21-25/>
    <restricted-dm41/>
    <restricted-dm16-13/>
    <restricted-dm16-14/>
    <restricted-dm12-4/>
    <restricted-dm1-20/>
    <restricted-dm1-19/>
    <restricted-maintenance/>
    <restricted-dm45/>
    <restricted-dm19-14/>
    <restricted-dm6-4/>
    <restricted-dm1-27/>
    <restricted-dm19-101/>
    <restricted-dm19-111/>
    <dm16-34/>
    <restricted-dm16-59/>
    <restricted-dm46/>
    <restricted-dm16-60/>
    <restricted-dm21-34/>
    <restricted-dm8/>
    <restricted-dm131/>
    <restricted-dm132/>
    <restricted-dm133/>
    <restricted-dm135/>
    <restricted-dm137/>
    <restricted-dm213/>
    <restricted-dm214/>
    <restricted-dm215/>
    <restricted-dm1-10/>
    <restricted-dm1-12/>
    <restricted-dm1-13/>
    <restricted-dm1-18/>
    <restricted-dm1-26/>
    <restricted-dm149/>
    <restricted-dm2-3/>
    <restricted-dm2-4/>
    <restricted-dm35-2/>
    <restricted-dm158/>
    <restricted-hd1/>
    <restricted-dm7-15/>
    <restricted-dm1-46/>
    <restricted-dm21-39/>
    <restricted-dm21-45/>
    <restricted-dm19-27/>
    <restricted-dm451/>
</jcr:root>
