<?xml version="1.0" encoding="UTF-8"?>
<features name="sbapp-features" xmlns="http://karaf.apache.org/xmlns/features/v1.3.0"
          xmlns:xsi="http://www.w3.org/2001/XMLSchema-instance"
          xsi:schemaLocation="http://karaf.apache.org/xmlns/features/v1.3.0
	http://karaf.apache.org/xmlns/features/v1.3.0">

    <repository>mvn:org.apache.cxf.karaf/apache-cxf/${cxf.version}/xml/features</repository>
    <repository>mvn:org.hibernate/hibernate-osgi/${hibernate.version}/xml/karaf</repository>
    <repository>mvn:org.ops4j.pax.cdi/pax-cdi-features/${pax.cdi.version}/xml/features</repository>
    <repository>mvn:org.ops4j.pax.jpa/pax-jpa-features/${pax.jpa.version}/xml/features</repository>
    <repository>mvn:org.ops4j.pax.jdbc/pax-jdbc-features/${pax.jdbc.version}/xml/features</repository>
    <repository>mvn:org.ops4j.pax.web/pax-web-features/${pax.web.version}/xml/features</repository>
    <repository>mvn:org.drools/drools-karaf-features/${drools.version}/xml/features</repository>

    <feature name="sbapp-cxf" version="${cxf.version}">
        <feature>cxf-core</feature>
        <feature>cxf-jaxrs</feature>
        <feature>cxf-jaxws</feature>
        <feature>cxf-features-logging</feature>
        <feature>cxf-features-clustering</feature>
    </feature>

    <feature name="sbapp-jackson" version="${jackson.version}">
        <bundle>mvn:com.fasterxml.jackson.core/jackson-annotations/${jackson.version}</bundle>
        <bundle>mvn:com.fasterxml.jackson.core/jackson-databind/${jackson.databind.version}</bundle>
        <bundle>mvn:com.fasterxml.jackson.core/jackson-core/${jackson.version}</bundle>
        <bundle>mvn:com.fasterxml.jackson.jaxrs/jackson-jaxrs-base/${jackson.version}</bundle>
        <bundle>mvn:com.fasterxml.jackson.jaxrs/jackson-jaxrs-json-provider/${jackson.version}</bundle>
        <bundle>mvn:com.fasterxml.jackson.datatype/jackson-datatype-jsr310/${jackson.version}</bundle>
        <bundle>mvn:com.fasterxml.jackson.module/jackson-module-jaxb-annotations/${jackson.version}</bundle>
    </feature>

    <feature name="sbapp-email-dependencies" version="${pom.version}">
        <bundle>mvn:org.apache.commons/commons-email/${commons-email.version}</bundle>
        <bundle>mvn:com.sun.mail/javax.mail/${javax.mail.version}</bundle>
        <bundle>mvn:org.jsoup/jsoup/${jsoup.version}</bundle>
        <bundle>mvn:org.apache.commons/commons-csv/${commons-csv.version}</bundle>
    </feature>

    <feature name="sbapp-template-dependencies" version="${pom.version}">
        <bundle>mvn:com.google.guava/guava/18.0</bundle>
        <bundle>mvn:com.googlecode.concurrentlinkedhashmap/concurrentlinkedhashmap-lru/1.4.2</bundle>
    </feature>

    <feature name="sbapp-drools" version="${drools.version}">
        <feature version="${drools.version}">drools-module</feature>
        <feature version="${drools.version}">drools-decisiontable</feature>
    </feature>
    
    <feature name="sbapp-config-admin-interpolation-plugin" version="${pom.version}">
        <bundle>mvn:org.osgi/org.osgi.util.converter/1.0.0</bundle>
        <bundle>mvn:org.apache.felix/org.apache.felix.converter/1.0.12</bundle>
        <bundle>mvn:org.apache.felix/org.apache.felix.configadmin.plugin.interpolation/0.0.4</bundle>
    </feature>
    
    <feature name="sbapp-google-api-client" version="1.34.0">
        <bundle>mvn:com.google.api-client/google-api-client/1.34.0</bundle>
        <bundle>mvn:com.google.oauth-client/google-oauth-client/1.33.2</bundle>
        <bundle>wrap:mvn:com.google.http-client/google-http-client-gson/1.41.7</bundle>
        <bundle>wrap:mvn:com.google.http-client/google-http-client/1.41.7</bundle>
        <bundle>mvn:com.google.code.gson/gson/2.9.0</bundle>
        <!-- google-oauth-client requires this version guava -->
        <bundle>mvn:com.google.guava/guava/31.1-jre</bundle>
        <!-- google-http-client requires this version guava -->
        <bundle>mvn:com.google.guava/guava/30.1-jre</bundle>
        <bundle>mvn:com.google.guava/failureaccess/1.0.1</bundle>
        <bundle>wrap:mvn:com.google.guava/listenablefuture/9999.0-empty-to-avoid-conflict-with-guava</bundle>
        <bundle>mvn:org.checkerframework/checker-qual/3.12.0</bundle>
        <bundle>wrap:mvn:com.google.errorprone/error_prone_annotations/2.11.0</bundle>
        <bundle>wrap:mvn:com.google.j2objc/j2objc-annotations/1.3</bundle>
        <bundle>wrap:mvn:com.google.http-client/google-http-client-gson/1.41.7</bundle>
        <bundle>wrap:mvn:com.google.http-client/google-http-client/1.41.7</bundle>
        <bundle>wrap:mvn:com.google.http-client/google-http-client-apache-v2/1.41.7</bundle>
        <bundle>wrap:mvn:org.apache.httpcomponents/httpclient/4.5.13</bundle>
        <bundle>wrap:mvn:org.apache.httpcomponents/httpcore/4.4.15</bundle>
        <bundle>mvn:commons-logging/commons-logging/1.2</bundle>
        <bundle>mvn:commons-codec/commons-codec/1.11</bundle>
        <bundle>wrap:mvn:com.google.http-client/google-http-client/1.41.7</bundle>
        <bundle>wrap:mvn:io.opencensus/opencensus-api/0.31.0</bundle>
        <bundle>wrap:mvn:io.grpc/grpc-context/1.27.2</bundle>
        <bundle>wrap:mvn:io.opencensus/opencensus-contrib-http-util/0.31.0</bundle>
    </feature>

    <feature name="sbapp-dependencies" version="${pom.version}">
        <feature>aries-blueprint</feature>
        <feature>transaction-api</feature>
        <feature>transaction</feature>
        <feature>jndi</feature>
        <feature>jpa</feature>
        <feature>jdbc</feature>
        <feature>pax-jpa</feature>
        <feature>pax-cdi</feature>
        <feature>hibernate-orm</feature>
        <feature>pax-jdbc</feature>
        <feature>pax-jdbc-config</feature>
        <feature>pax-jdbc-mssql</feature>
        <feature>pax-jdbc-pool-dbcp2</feature>
        <feature>scheduler</feature>
        <feature>scr</feature>
        <feature>webconsole</feature>
        <feature>service-wrapper</feature>
        <feature>wrapper</feature>
        <bundle>mvn:javax.ws.rs/javax.ws.rs-api/${javax.ws.rs.version}</bundle>
        <bundle>mvn:org.liquibase/liquibase-core/${liquibase.version}</bundle>
        <bundle>mvn:org.ops4j.pax.jdbc/pax-jdbc-mysql/${pax.jdbc.mysql.version}</bundle>
        <bundle>mvn:mysql/mysql-connector-java/${mysql-jdbc.version}</bundle>
        <bundle>mvn:commons-collections/commons-collections/${commons-collections.version}</bundle>
        <bundle>mvn:commons-beanutils/commons-beanutils/${commons-beanutils.version}</bundle>
        <bundle>mvn:commons-codec/commons-codec/${commons-codec.version}</bundle>
        <bundle>mvn:commons-io/commons-io/${commons-io.version}</bundle>
        <bundle>mvn:org.apache.commons/commons-lang3/${commons-lang3.version}</bundle>
        <bundle>mvn:org.yaml/snakeyaml/${snakeyaml.version}</bundle>
        <bundle>wrap:mvn:org.aspectj/aspectjrt/${aspectj.version}</bundle>
        <bundle>mvn:com.github.ben-manes.caffeine/caffeine/${caffeine.version}</bundle>
    </feature>
    
    <feature name="sbapp-jmx-dependencies" version="${pom.version}" install="manual">
        <bundle>mvn:org.apache.sling/org.apache.sling.commons.json/2.0.20</bundle>
        <bundle>mvn:com.adobe.granite/com.adobe.granite.jmx/0.2.14</bundle>
    </feature>  

    <feature name="sbapp-application-dependencies" version="${pom.version}">
        <feature prerequisite="true">wrap</feature>
        <feature>sbapp-dependencies</feature>
        <feature>sbapp-cxf</feature>
        <feature>sbapp-jackson</feature>
        <feature>sbapp-drools</feature>
        <feature>sbapp-dependencies</feature>
        <feature>sbapp-email-dependencies</feature>
        <feature>sbapp-template-dependencies</feature>
        <feature>sbapp-config-admin-interpolation-plugin</feature>
        <feature>sbapp-google-api-client</feature>
    </feature>
    
    <feature name="sbapp-application" version="${pom.version}" install="manual">
        <!-- this feature is legacy now and is only here coz people are used to using it 
             **** It should not be added to anymore **** -->
        <feature version="${pom.version}">sbapp-application-dependencies</feature>
    </feature>
    
    <feature name="sbapp-application-bundles" version="${pom.version}" install="manual">
        <!-- the feature build process will append the WSS application bundles below here -->
     </feature>

</features>
