<?xml version="1.0" ?>
<blueprint
        xmlns="http://www.osgi.org/xmlns/blueprint/v1.0.0"
        xmlns:ext="http://aries.apache.org/blueprint/xmlns/blueprint-ext/v1.1.0"
        xmlns:cxf="http://cxf.apache.org/blueprint/core"
        xmlns:jaxrs="http://cxf.apache.org/blueprint/jaxrs"
        xmlns:xsi="http://www.w3.org/2001/XMLSchema-instance"
        xsi:schemaLocation="
        http://www.osgi.org/xmlns/blueprint/v1.0.0 https://osgi.org/xmlns/blueprint/v1.0.0/blueprint.xsd
        http://aries.apache.org/blueprint/xmlns/blueprint-ext/v1.1.0 http://aries.apache.org/blueprint/xmlns/blueprint-ext-1.1.xsd
        http://cxf.apache.org/blueprint/jaxrs http://cxf.apache.org/schemas/blueprint/jaxrs.xsd
        http://cxf.apache.org/blueprint/core http://cxf.apache.org/schemas/blueprint/core.xsd
        "
>

    <cxf:bus>
        <cxf:properties>
            <entry key="skip.default.json.provider.registration" value="true" />
        </cxf:properties>
    </cxf:bus>

    <jaxrs:server address="/audit" id="auditSvc">
        <jaxrs:inInterceptors>
            <bean id="ClientSessionIdInterceptor" class="uk.co.stwater.api.osgi.util.ClientSessionIdInterceptor">
            </bean>
        </jaxrs:inInterceptors>
        <jaxrs:serviceBeans>
            <ref component-id="userAuditResource" />
        </jaxrs:serviceBeans>
        <jaxrs:features>
            <cxf:logging />
        </jaxrs:features>
        <jaxrs:providers>
            <bean id="jaxbProvider" class="com.fasterxml.jackson.jaxrs.json.JacksonJaxbJsonProvider" />
            <bean id="jsonContextResolver" class="uk.co.stwater.api.osgi.util.JacksonContextResolver" />
            <bean id="authenticationInterceptor" class="uk.co.stwater.api.auth.EndpointSharedSecretProvider"/>
            <bean class="uk.co.stwater.api.osgi.util.STWBusinessExceptionMapper" />
            <bean class="uk.co.stwater.api.osgi.util.STWTechnicalExceptionMapper" />
        </jaxrs:providers>
    </jaxrs:server>
</blueprint>

